title,company,location,experience,salary,url,tags,source
Software Engineer ( Backend ),Elevate Ecosystem Private Limited,Bangalore,1-3 years,"â‚¹ 8,00,000 - 15,00,000",https://internshala.com//job/detail/software-engineer--backend--job-in-bangalore-at-elevate-ecosystem-private-limited1718700189,,Internshala
Senior Research Analyst,Ethnographic Medical Research Private Limited,Bangalore,1-3 years,"â‚¹ 5,00,000 - 10,00,000",https://internshala.com//job/details/senior-research-analyst-job-in-bangalore-at-ethnographic-medical-research-private-limited1718965222,,Internshala
MEAN Stack Developer,Vizlogic Digital Solutions Private Limited,Bangalore,1-3 years,"â‚¹ 3,00,000 - 8,00,000",https://internshala.com//job/detail/mean-stack-developer-job-in-bangalore-at-vizlogic-digital-solutions-private-limited1715128665,,Internshala
Business Analyst,HAVILAH HANSEL TECH VENTURES PRIVATE LIMITED,Bangalore,1-4 years,"â‚¹ 2,25,000 - 4,00,000",https://internshala.com//job/details/business-analyst-job-in-bangalore-at-havilah-hansel-tech-ventures-private-limited1719291528,,Internshala
Data Analyst,Simplilearn Solutions Private Limited,Bangalore,1-3 years,Competitive salary,https://internshala.com//job/detail/data-analyst-job-in-bangalore-at-simplilearn-solutions-private-limited1718778578,,Internshala
Data Scientist,Infosys,"Bengaluru East, Karnataka, India",0-3 years,,https://in.linkedin.com/jobs/view/data-scientist-at-infosys-3879841489?position=1&pageNum=0&refId=889uamKJkr96fIm3YB8Ipg%3D%3D&trackingId=rwXm52QBB4hyXy7U0EBfig%3D%3D&trk=public_jobs_jserp-result_search-card,,Linkedin
Data Science,Infosys,"Bengaluru East, Karnataka, India",0-3 years,,https://in.linkedin.com/jobs/view/data-science-at-infosys-3883384532?position=2&pageNum=0&refId=889uamKJkr96fIm3YB8Ipg%3D%3D&trackingId=ppOmoZ%2F8mFgp82tQCW6%2F3w%3D%3D&trk=public_jobs_jserp-result_search-card,,Linkedin
Data Scientist,Myntra,"Bengaluru, Karnataka, India",0-3 years,,https://in.linkedin.com/jobs/view/data-scientist-at-myntra-3935614335?position=3&pageNum=0&refId=889uamKJkr96fIm3YB8Ipg%3D%3D&trackingId=WHuoozfWQ4QLVHbNYiSzIA%3D%3D&trk=public_jobs_jserp-result_search-card,,Linkedin
Interesting Job Opportunity: KreditBee - Data Analyst - Python/MySQL,KreditBee,"Bengaluru, Karnataka, India",0-3 years,,https://in.linkedin.com/jobs/view/interesting-job-opportunity-kreditbee-data-analyst-python-mysql-at-kreditbee-3871603679?position=4&pageNum=0&refId=889uamKJkr96fIm3YB8Ipg%3D%3D&trackingId=RgdXSsZ7S3VFzuTJ3ach2g%3D%3D&trk=public_jobs_jserp-result_search-card,,Linkedin
Healthcare Business Analyst,Infosys,"Bengaluru East, Karnataka, India",0-3 years,,https://in.linkedin.com/jobs/view/healthcare-business-analyst-at-infosys-3884571456?position=5&pageNum=0&refId=889uamKJkr96fIm3YB8Ipg%3D%3D&trackingId=Tmiss8sQ6ZZy35U%2FUNu%2B1w%3D%3D&trk=public_jobs_jserp-result_search-card,,Linkedin
"Software Engineer, University Graduate, 2025",Google,"Bengaluru, Karnataka, India",0-3 years,,https://in.linkedin.com/jobs/view/software-engineer-university-graduate-2025-at-google-3951084286?position=6&pageNum=0&refId=889uamKJkr96fIm3YB8Ipg%3D%3D&trackingId=OuuH140%2FELihL0oi3UNJJQ%3D%3D&trk=public_jobs_jserp-result_search-card,,Linkedin
Industrial Data Scientist,GE Digital,"Bengaluru East, Karnataka, India",0-3 years,,https://in.linkedin.com/jobs/view/industrial-data-scientist-at-ge-digital-3936113055?position=7&pageNum=0&refId=889uamKJkr96fIm3YB8Ipg%3D%3D&trackingId=lJYKlAzqQ1453QMKVG3k8Q%3D%3D&trk=public_jobs_jserp-result_search-card,,Linkedin
Junior Analytics Consultant,AB InBev GCC India,"Bengaluru, Karnataka, India",0-3 years,,https://in.linkedin.com/jobs/view/junior-analytics-consultant-at-ab-inbev-gcc-india-3916747425?position=8&pageNum=0&refId=889uamKJkr96fIm3YB8Ipg%3D%3D&trackingId=gj7NGFZtawuEuPzQT2XnZw%3D%3D&trk=public_jobs_jserp-result_search-card,,Linkedin
Data Scientist,Organic Mandya,"Bengaluru, Karnataka, India",0-3 years,,https://in.linkedin.com/jobs/view/data-scientist-at-organic-mandya-3936811768?position=9&pageNum=0&refId=889uamKJkr96fIm3YB8Ipg%3D%3D&trackingId=qqTkLXFk8bX6fqX0DkxA7Q%3D%3D&trk=public_jobs_jserp-result_search-card,,Linkedin
Data Science,Spectral Consultants,"Bangalore Urban, Karnataka, India",0-3 years,,https://in.linkedin.com/jobs/view/data-science-at-spectral-consultants-3943842033?position=10&pageNum=0&refId=889uamKJkr96fIm3YB8Ipg%3D%3D&trackingId=LU48tUTUeWGgUPDLzbcrPw%3D%3D&trk=public_jobs_jserp-result_search-card,,Linkedin
DATA SCIENTIST,Niyoto,"Bengaluru, Karnataka, India",0-3 years,,https://in.linkedin.com/jobs/view/data-scientist-at-niyoto-3822404096?position=11&pageNum=0&refId=889uamKJkr96fIm3YB8Ipg%3D%3D&trackingId=UHrh0yigTNVxwhXnBzj8vw%3D%3D&trk=public_jobs_jserp-result_search-card,,Linkedin
Analyst,slice,"Bengaluru, Karnataka, India",0-3 years,,https://in.linkedin.com/jobs/view/analyst-at-slice-3941159606?position=12&pageNum=0&refId=889uamKJkr96fIm3YB8Ipg%3D%3D&trackingId=MQy9tpslfbMv8JDdIs1MxA%3D%3D&trk=public_jobs_jserp-result_search-card,,Linkedin
Data Analyst,UST,"Bengaluru, Karnataka, India",0-3 years,,https://in.linkedin.com/jobs/view/data-analyst-at-ust-3931390100?position=13&pageNum=0&refId=889uamKJkr96fIm3YB8Ipg%3D%3D&trackingId=nkJUFuQDJx9eTXp%2BA24%2F6Q%3D%3D&trk=public_jobs_jserp-result_search-card,,Linkedin
Digital Marketing Analyst,Infosys,"Bengaluru East, Karnataka, India",0-3 years,,https://in.linkedin.com/jobs/view/digital-marketing-analyst-at-infosys-3882959456?position=14&pageNum=0&refId=889uamKJkr96fIm3YB8Ipg%3D%3D&trackingId=hk9iuxYh%2B6jopgnbOYqlWg%3D%3D&trk=public_jobs_jserp-result_search-card,,Linkedin
Analyst/Senior Analyst - Data Analytics,D. E. Shaw India Private Limited,"Bengaluru, Karnataka, India",0-3 years,,https://in.linkedin.com/jobs/view/analyst-senior-analyst-data-analytics-at-d-e-shaw-india-private-limited-3905200764?position=15&pageNum=0&refId=889uamKJkr96fIm3YB8Ipg%3D%3D&trackingId=ygdBQ6tA736GqGtiPT%2FAgw%3D%3D&trk=public_jobs_jserp-result_search-card,,Linkedin
ICETS _Python AI/ML/ Data Scientist - Q1-FY-25,Infosys,"Bengaluru East, Karnataka, India",0-3 years,,https://in.linkedin.com/jobs/view/icets-python-ai-ml-data-scientist-q1-fy-25-at-infosys-3889435675?position=16&pageNum=0&refId=889uamKJkr96fIm3YB8Ipg%3D%3D&trackingId=bAuu%2BuVbkLreeHT7mrkiXQ%3D%3D&trk=public_jobs_jserp-result_search-card,,Linkedin
Data Analyst,Myntra,"Bengaluru, Karnataka, India",0-3 years,,https://in.linkedin.com/jobs/view/data-analyst-at-myntra-3913835920?position=17&pageNum=0&refId=889uamKJkr96fIm3YB8Ipg%3D%3D&trackingId=C8MTO4RKZg7D%2BGLVQDkQnA%3D%3D&trk=public_jobs_jserp-result_search-card,,Linkedin
Industrial Data Scientist,GE Vernova,"Bengaluru, Karnataka, India",0-3 years,,https://in.linkedin.com/jobs/view/industrial-data-scientist-at-ge-vernova-3936221014?position=18&pageNum=0&refId=889uamKJkr96fIm3YB8Ipg%3D%3D&trackingId=wErYUNtcbrwToNdKJ79Cqw%3D%3D&trk=public_jobs_jserp-result_search-card,,Linkedin
Data Scientist,Gururo,"Bangalore Urban, Karnataka, India",0-3 years,,https://in.linkedin.com/jobs/view/data-scientist-at-gururo-3865876615?position=19&pageNum=0&refId=889uamKJkr96fIm3YB8Ipg%3D%3D&trackingId=lifFyLOJ9ur6BJF%2FNhCGog%3D%3D&trk=public_jobs_jserp-result_search-card,,Linkedin
Data Scientist,Acme Services,"Bengaluru, Karnataka, India",0-3 years,,https://in.linkedin.com/jobs/view/data-scientist-at-acme-services-3888472011?position=20&pageNum=0&refId=889uamKJkr96fIm3YB8Ipg%3D%3D&trackingId=r3Gavymn%2FRiNUEDwLEdG9g%3D%3D&trk=public_jobs_jserp-result_search-card,,Linkedin
Data Analytics_SQL_Developer,Infosys,"Bengaluru East, Karnataka, India",0-3 years,,https://in.linkedin.com/jobs/view/data-analytics-sql-developer-at-infosys-3881761000?position=21&pageNum=0&refId=889uamKJkr96fIm3YB8Ipg%3D%3D&trackingId=f5cTUhEc4n2bpQpT2zN%2BGA%3D%3D&trk=public_jobs_jserp-result_search-card,,Linkedin
Data Analyst,OpenCV University,"Bengaluru, Karnataka, India",0-3 years,,https://in.linkedin.com/jobs/view/data-analyst-at-opencv-university-3906305504?position=22&pageNum=0&refId=889uamKJkr96fIm3YB8Ipg%3D%3D&trackingId=taSE5IWMvu6q6WZ%2BgfWm7w%3D%3D&trk=public_jobs_jserp-result_search-card,,Linkedin
Junior Data Scientist - Machine Learning/Artificial Intelligence,Aptus Data Labs,"Bengaluru, Karnataka, India",0-3 years,,https://in.linkedin.com/jobs/view/junior-data-scientist-machine-learning-artificial-intelligence-at-aptus-data-labs-3939080059?position=23&pageNum=0&refId=889uamKJkr96fIm3YB8Ipg%3D%3D&trackingId=O14ipkz1W8ZWNfn1NUsC8Q%3D%3D&trk=public_jobs_jserp-result_search-card,,Linkedin
Customer Support Business Intelligence Analyst,PhonePe,"Bengaluru, Karnataka, India",0-3 years,,https://in.linkedin.com/jobs/view/customer-support-business-intelligence-analyst-at-phonepe-3924542229?position=24&pageNum=0&refId=889uamKJkr96fIm3YB8Ipg%3D%3D&trackingId=TYByEFJ8sYWHt82M3utZxw%3D%3D&trk=public_jobs_jserp-result_search-card,,Linkedin
Business Analyst-RPA,Infosys,"Bengaluru East, Karnataka, India",0-3 years,,https://in.linkedin.com/jobs/view/business-analyst-rpa-at-infosys-3901099814?position=25&pageNum=0&refId=889uamKJkr96fIm3YB8Ipg%3D%3D&trackingId=m5u8qDLEyykf8DepHhjbYA%3D%3D&trk=public_jobs_jserp-result_search-card,,Linkedin
Data Science & ML Engineer,RentoMojo,"Bengaluru, Karnataka, India",0-3 years,,https://in.linkedin.com/jobs/view/data-science-ml-engineer-at-rentomojo-3945211381?position=26&pageNum=0&refId=889uamKJkr96fIm3YB8Ipg%3D%3D&trackingId=FocS99KESFognd%2BIOfYugQ%3D%3D&trk=public_jobs_jserp-result_search-card,,Linkedin
Data Science,Spectral Consultants,"Bengaluru, Karnataka, India",0-3 years,,https://in.linkedin.com/jobs/view/data-science-at-spectral-consultants-3944979486?position=27&pageNum=0&refId=889uamKJkr96fIm3YB8Ipg%3D%3D&trackingId=gu8%2BOKVPOPGxUbGA7%2Fy94Q%3D%3D&trk=public_jobs_jserp-result_search-card,,Linkedin
Data Scientist,Sybex Support Services,"Bengaluru, Karnataka, India",0-3 years,,https://in.linkedin.com/jobs/view/data-scientist-at-sybex-support-services-3806658657?position=28&pageNum=0&refId=889uamKJkr96fIm3YB8Ipg%3D%3D&trackingId=hcVI%2FVmURC4fcyTZjT31ew%3D%3D&trk=public_jobs_jserp-result_search-card,,Linkedin
Data Scientist,Prescience Decision Solutions,"Bengaluru, Karnataka, India",0-3 years,,https://in.linkedin.com/jobs/view/data-scientist-at-prescience-decision-solutions-3956117943?position=29&pageNum=0&refId=889uamKJkr96fIm3YB8Ipg%3D%3D&trackingId=eGNtEOF%2Fn4eDM%2FF8xHGI8A%3D%3D&trk=public_jobs_jserp-result_search-card,,Linkedin
Python Developer (Fresher Graduate),Clinchfactor Solutions,"Bengaluru East, Karnataka, India",0-3 years,,https://in.linkedin.com/jobs/view/python-developer-fresher-graduate-at-clinchfactor-solutions-3954284308?position=30&pageNum=0&refId=889uamKJkr96fIm3YB8Ipg%3D%3D&trackingId=0WjuXXE2so4kWgw2UAl2og%3D%3D&trk=public_jobs_jserp-result_search-card,,Linkedin
Data Analyst II - JioCinema,Viacom18 Media Private Limited,"Bengaluru, Karnataka, India",0-3 years,,https://in.linkedin.com/jobs/view/data-analyst-ii-jiocinema-at-viacom18-media-private-limited-3900521372?position=31&pageNum=0&refId=889uamKJkr96fIm3YB8Ipg%3D%3D&trackingId=2Ty3FaWMBDoluovSJ8k5NA%3D%3D&trk=public_jobs_jserp-result_search-card,,Linkedin
Data Analyst,Rystad Energy,"Bengaluru, Karnataka, India",0-3 years,,https://in.linkedin.com/jobs/view/data-analyst-at-rystad-energy-3960099271?position=32&pageNum=0&refId=889uamKJkr96fIm3YB8Ipg%3D%3D&trackingId=P38tM%2BtY2UCS2Yu5mKGRxg%3D%3D&trk=public_jobs_jserp-result_search-card,,Linkedin
Data Scientist,NEWME,"Bengaluru, Karnataka, India",0-3 years,,https://in.linkedin.com/jobs/view/data-scientist-at-newme-3959341939?position=33&pageNum=0&refId=889uamKJkr96fIm3YB8Ipg%3D%3D&trackingId=XTQsQQY0mWt9a3V06YCscQ%3D%3D&trk=public_jobs_jserp-result_search-card,,Linkedin
Software Engineer (ML/AI Models),Soroco,"Bengaluru, Karnataka, India",0-3 years,,https://in.linkedin.com/jobs/view/software-engineer-ml-ai-models-%E2%80%AF-at-soroco-3955778203?position=34&pageNum=0&refId=889uamKJkr96fIm3YB8Ipg%3D%3D&trackingId=zj4qnQZ%2F9kmvbJkLe6rKBA%3D%3D&trk=public_jobs_jserp-result_search-card,,Linkedin
SQL Developer,dentsu,"Bengaluru, Karnataka, India",0-3 years,,https://in.linkedin.com/jobs/view/sql-developer-at-dentsu-3684295405?position=35&pageNum=0&refId=889uamKJkr96fIm3YB8Ipg%3D%3D&trackingId=85iymy%2B26%2FnnxL7ZYUR3rg%3D%3D&trk=public_jobs_jserp-result_search-card,,Linkedin
AIML - Test Automation,Infosys,"Bengaluru East, Karnataka, India",0-3 years,,https://in.linkedin.com/jobs/view/aiml-test-automation-at-infosys-3924739594?position=36&pageNum=0&refId=889uamKJkr96fIm3YB8Ipg%3D%3D&trackingId=DpqEs0p2ALSFZRhHoe2P1Q%3D%3D&trk=public_jobs_jserp-result_search-card,,Linkedin
Media Analyst,LTIMindtree,"Bengaluru, Karnataka, India",0-3 years,,https://in.linkedin.com/jobs/view/media-analyst-at-ltimindtree-3938841557?position=37&pageNum=0&refId=889uamKJkr96fIm3YB8Ipg%3D%3D&trackingId=dFEjL46FZi4AKr5Fzt5Wfw%3D%3D&trk=public_jobs_jserp-result_search-card,,Linkedin
Media Analyst,LTIMindtree,"Bengaluru, Karnataka, India",0-3 years,,https://in.linkedin.com/jobs/view/media-analyst-at-ltimindtree-3938839959?position=38&pageNum=0&refId=889uamKJkr96fIm3YB8Ipg%3D%3D&trackingId=GQJJHKYZwVbtmJmxWfoDlg%3D%3D&trk=public_jobs_jserp-result_search-card,,Linkedin
ESG - Data Analyst,Biocon,"Bengaluru, Karnataka, India",0-3 years,,https://in.linkedin.com/jobs/view/esg-data-analyst-at-biocon-3952531066?position=39&pageNum=0&refId=889uamKJkr96fIm3YB8Ipg%3D%3D&trackingId=%2FmxVZoA5HPvXu1Lz0vbw3w%3D%3D&trk=public_jobs_jserp-result_search-card,,Linkedin
Data Scientist,Digimoksha Solutions,"Bagalur, Karnataka, India",0-3 years,,https://in.linkedin.com/jobs/view/data-scientist-at-digimoksha-solutions-3950772645?position=40&pageNum=0&refId=889uamKJkr96fIm3YB8Ipg%3D%3D&trackingId=CI2b65T3z9H5aAEsaO%2BFsA%3D%3D&trk=public_jobs_jserp-result_search-card,,Linkedin
AIML - Test Automation,Infosys,"Bengaluru East, Karnataka, India",0-3 years,,https://in.linkedin.com/jobs/view/aiml-test-automation-at-infosys-3925470826?position=41&pageNum=0&refId=889uamKJkr96fIm3YB8Ipg%3D%3D&trackingId=JWC8fk478ITETPxrUXsXeA%3D%3D&trk=public_jobs_jserp-result_search-card,,Linkedin
"Software Engineer (AI, ML, Python)",DATAMTX LLC,"Bengaluru, Karnataka, India",0-3 years,,https://in.linkedin.com/jobs/view/software-engineer-ai-ml-python-at-datamtx-llc-3905169713?position=42&pageNum=0&refId=889uamKJkr96fIm3YB8Ipg%3D%3D&trackingId=2nfXTKGgl7MXGJUz62tF7w%3D%3D&trk=public_jobs_jserp-result_search-card,,Linkedin
Data Scientist,BrandMuscle,"Bengaluru, Karnataka, India",0-3 years,,https://in.linkedin.com/jobs/view/data-scientist-at-brandmuscle-3792489117?position=43&pageNum=0&refId=889uamKJkr96fIm3YB8Ipg%3D%3D&trackingId=5MbS1LfxhcoMSgAp%2BSN3SA%3D%3D&trk=public_jobs_jserp-result_search-card,,Linkedin
Data Scientist,Loyalytics AI,"Bengaluru East, Karnataka, India",0-3 years,,https://in.linkedin.com/jobs/view/data-scientist-at-loyalytics-ai-3947003560?position=44&pageNum=0&refId=889uamKJkr96fIm3YB8Ipg%3D%3D&trackingId=sbemshveTY8p0a%2FCNC2Hug%3D%3D&trk=public_jobs_jserp-result_search-card,,Linkedin
Financial Analyst,Bottomline,"Bengaluru, Karnataka, India",0-3 years,,https://in.linkedin.com/jobs/view/financial-analyst-at-bottomline-3953504816?position=45&pageNum=0&refId=889uamKJkr96fIm3YB8Ipg%3D%3D&trackingId=uWfaHQxCrGF20tKKDEIKuQ%3D%3D&trk=public_jobs_jserp-result_search-card,,Linkedin
Data Scientist(HR Analytics),"o9 Solutions, Inc.",Greater Bengaluru Area,0-3 years,,https://in.linkedin.com/jobs/view/data-scientist-hr-analytics-at-o9-solutions-inc-3939212262?position=46&pageNum=0&refId=889uamKJkr96fIm3YB8Ipg%3D%3D&trackingId=ksYZR8A7a7bMy9VeHBlmkA%3D%3D&trk=public_jobs_jserp-result_search-card,,Linkedin
Product Analyst,Revly,"Bengaluru, Karnataka, India",0-3 years,,https://in.linkedin.com/jobs/view/product-analyst-at-revly-3860008205?position=47&pageNum=0&refId=889uamKJkr96fIm3YB8Ipg%3D%3D&trackingId=dlZ2%2FuDbypx1vrlqoX2fgg%3D%3D&trk=public_jobs_jserp-result_search-card,,Linkedin
Artificial Intelligence,PyjamaHR Middleware Test Company,"Bengaluru, Karnataka, India",0-3 years,,https://in.linkedin.com/jobs/view/artificial-intelligence-at-pyjamahr-middleware-test-company-3932283998?position=48&pageNum=0&refId=889uamKJkr96fIm3YB8Ipg%3D%3D&trackingId=YCemN0C6tANPz6MEHN8W4Q%3D%3D&trk=public_jobs_jserp-result_search-card,,Linkedin
Data Scientist,upliance.ai,"Bengaluru, Karnataka, India",0-3 years,,https://in.linkedin.com/jobs/view/data-scientist-at-upliance-ai-3950211185?position=49&pageNum=0&refId=889uamKJkr96fIm3YB8Ipg%3D%3D&trackingId=hDFRjSSalDIVsw26enBP6w%3D%3D&trk=public_jobs_jserp-result_search-card,,Linkedin
Data Scientist-HR Analytics,"o9 Solutions, Inc.",Greater Bengaluru Area,0-3 years,,https://in.linkedin.com/jobs/view/data-scientist-hr-analytics-at-o9-solutions-inc-3939208422?position=51&pageNum=0&refId=889uamKJkr96fIm3YB8Ipg%3D%3D&trackingId=PfPov%2BOd0U6X6dXW9t%2BYOg%3D%3D&trk=public_jobs_jserp-result_search-card,,Linkedin
Junior Data Analyst,Thoucentric,"Bengaluru East, Karnataka, India",0-3 years,,https://in.linkedin.com/jobs/view/junior-data-analyst-at-thoucentric-3921243147?position=52&pageNum=0&refId=889uamKJkr96fIm3YB8Ipg%3D%3D&trackingId=2Bd6GZ8AP9bkF9da4BQx%2Bw%3D%3D&trk=public_jobs_jserp-result_search-card,,Linkedin
Python,Horigine Consulting Pvt. Ltd.,"Bangalore Urban, Karnataka, India",0-3 years,,https://in.linkedin.com/jobs/view/python-at-horigine-consulting-pvt-ltd-3926244304?position=53&pageNum=0&refId=889uamKJkr96fIm3YB8Ipg%3D%3D&trackingId=FSZMwLbAln39iCxzUk30Rg%3D%3D&trk=public_jobs_jserp-result_search-card,,Linkedin
Artificial Intelligence Specialist,Gururo,"Bangalore Urban, Karnataka, India",0-3 years,,https://in.linkedin.com/jobs/view/artificial-intelligence-specialist-at-gururo-3944841739?position=54&pageNum=0&refId=889uamKJkr96fIm3YB8Ipg%3D%3D&trackingId=hdDAx2B8spDR73Z6KChA8w%3D%3D&trk=public_jobs_jserp-result_search-card,,Linkedin
Advanced Data Science Associate,ZS,"Bengaluru, Karnataka, India",0-3 years,,https://in.linkedin.com/jobs/view/advanced-data-science-associate-at-zs-3829982829?position=55&pageNum=0&refId=889uamKJkr96fIm3YB8Ipg%3D%3D&trackingId=6XANj77vmUrQK5ogylgB9w%3D%3D&trk=public_jobs_jserp-result_search-card,,Linkedin
Process Consultant- Quality Assurance,Infosys,"Bengaluru East, Karnataka, India",0-3 years,,https://in.linkedin.com/jobs/view/process-consultant-quality-assurance-at-infosys-3920873856?position=56&pageNum=0&refId=889uamKJkr96fIm3YB8Ipg%3D%3D&trackingId=7rwf51Xl4YSb85cV5nlpVQ%3D%3D&trk=public_jobs_jserp-result_search-card,,Linkedin
Data Scientists with career break-Woman,Her Second Innings,"Bengaluru, Karnataka, India",0-3 years,,https://in.linkedin.com/jobs/view/data-scientists-with-career-break-woman-at-her-second-innings-3787175624?position=57&pageNum=0&refId=889uamKJkr96fIm3YB8Ipg%3D%3D&trackingId=VsY%2BPEi90Xa%2Bs9rxaV3DRw%3D%3D&trk=public_jobs_jserp-result_search-card,,Linkedin
Applied Data Scientist,ðŸ”­ Galileo,"Bagalur, Karnataka, India",0-3 years,,https://in.linkedin.com/jobs/view/applied-data-scientist-at-%F0%9F%94%AD-galileo-3931235147?position=58&pageNum=0&refId=889uamKJkr96fIm3YB8Ipg%3D%3D&trackingId=7QGwoEV5fYCNwCT9xQI1bg%3D%3D&trk=public_jobs_jserp-result_search-card,,Linkedin
Data Scientist - IIT Graduates,Loyalytics AI,"Bengaluru East, Karnataka, India",0-3 years,,https://in.linkedin.com/jobs/view/data-scientist-iit-graduates-at-loyalytics-ai-3923066413?position=59&pageNum=0&refId=889uamKJkr96fIm3YB8Ipg%3D%3D&trackingId=g%2FPfRpTuKdk2EFfMLJxJLg%3D%3D&trk=public_jobs_jserp-result_search-card,,Linkedin
Data Scientist (Time Series Forecasting),Evnek,"Bengaluru, Karnataka, India",0-3 years,,https://in.linkedin.com/jobs/view/data-scientist-time-series-forecasting-at-evnek-3939380859?position=60&pageNum=0&refId=889uamKJkr96fIm3YB8Ipg%3D%3D&trackingId=JBOXS0%2FR8B4GrO9X3ojwsA%3D%3D&trk=public_jobs_jserp-result_search-card,,Linkedin
Data Science Analytics Analyst,Accenture,Bengaluru,3-5 Yrs,Not disclosed,https://www.naukri.com/job-listings-data-science-analytics-analyst-accenture-solutions-pvt-ltd-bengaluru-3-to-5-years-210624913333,"['ms access', 'power bi', 'sql', 'r', 'advanced excel', 'python', 'data analytics', 'sql queries']",Naukri.com
Senior Analyst - Data Science,Indegene,Bengaluru,2-4 Yrs,Not disclosed,https://www.naukri.com/job-listings-senior-analyst-data-science-indegene-private-limited-bengaluru-2-to-4-years-250624500276,"['Analyst', 'Logistic regression', 'Computer vision', 'data science', 'Cloud Services', 'Machine learning', 'Manager Technology', 'Healthcare']",Naukri.com
S&C Global Network - AI - Hi Tech - Data Science Sr. Analyst,Accenture,Bengaluru,2-5 Yrs,Not disclosed,https://www.naukri.com/job-listings-s-c-global-network-ai-hi-tech-data-science-sr-analyst-accenture-solutions-pvt-ltd-bengaluru-2-to-5-years-190624910860,"['erp', 'python', 'natural language processing', 'plm', 'crm', 'plaster', 'flooring', 'microsoft azure']",Naukri.com
Python Developer (Data Science),Wipro,"Pune, Chennai, Bengaluru",3-6 Yrs,Not disclosed,https://www.naukri.com/job-listings-python-developer-data-science-wipro-limited-pune-chennai-bengaluru-3-to-6-years-260624908169,"['Pandas', 'Numpy', 'Python', 'Python Development', 'Data', 'Development', 'Science', 'Data Science']",Naukri.com
Python Developer - Data Science - Tiger analytics,Tiger Analytics,"Hyderabad, Chennai, Bengaluru",2-7 Yrs,Not disclosed,https://www.naukri.com/job-listings-python-developer-data-science-tiger-analytics-tiger-analytics-hyderabad-chennai-bengaluru-2-to-7-years-101123006845,"['Machine Learning', 'Numpy', 'Data Science', 'Pandas', 'Python', 'Data Validation', 'Azure', 'Tabular data']",Naukri.com
S&C Global Network - AI - Resources - Data Science Analyst,Accenture,Bengaluru,2-5 Yrs,Not disclosed,https://www.naukri.com/job-listings-s-c-global-network-ai-resources-data-science-analyst-accenture-solutions-pvt-ltd-bengaluru-2-to-5-years-120624912013,"['sql', 'gen', 'statistical modeling', 'vector', 'machine learning algorithms', 'advanced analytics', 'python', 'data analysis']",Naukri.com
S&C Global Network - AI - Life Sciences -Data Science Analyst,Accenture,Bengaluru,2-5 Yrs,Not disclosed,https://www.naukri.com/job-listings-s-c-global-network-ai-life-sciences-data-science-analyst-accenture-solutions-pvt-ltd-bengaluru-2-to-5-years-140624910402,"['microsoft azure', 'sql', 'qlikview', 'spark', 'aws', 'python', 'data management', 'hypothesis testing']",Naukri.com
Data Science Practitioner,Accenture,Bengaluru,3-8 Yrs,Not disclosed,https://www.naukri.com/job-listings-data-science-practitioner-accenture-solutions-pvt-ltd-bengaluru-3-to-8-years-200624913234,"['azure machine learning', 'microsoft azure', 'machine learning algorithms', 'statistics', 'data munging', 'natural language processing', 'big data technologies', 'power bi']",Naukri.com
Data Science Engineer,Kibbcom,Bengaluru,1-3 Yrs,Not disclosed,https://www.naukri.com/job-listings-data-science-engineer-kibbcom-bengaluru-1-to-3-years-190624502023,"['data science', 'Data', 'Science']",Naukri.com
Data Science Practitioner,Accenture,Bengaluru,3-5 Yrs,Not disclosed,https://www.naukri.com/job-listings-data-science-practitioner-accenture-solutions-pvt-ltd-bengaluru-3-to-5-years-110624907921,"['azure machine learning', 'microsoft azure', 'machine learning algorithms', 'statistics', 'data munging', 'natural language processing', 'big data technologies', 'power bi']",Naukri.com
Data Sciences Intern V,Target,Bengaluru,3-8 Yrs,Not disclosed,https://www.naukri.com/job-listings-data-sciences-intern-v-target-corporation-india-pvt-ltd-bengaluru-3-to-8-years-130624501023,"['advanced analytics', 'Payroll', 'Interpersonal skills', 'SAS', 'Consulting', 'Operations', 'Internship', 'Analytics']",Naukri.com
Data Science Professional,Davinta Financial Services,Bengaluru,2-5 Yrs,Not disclosed,https://www.naukri.com/job-listings-data-science-professional-davinta-finserv-bengaluru-2-to-5-years-150224502032,"['matlab', 'algorithms', 'python', 'data analytics', 'sas', 'credit risk', 'lgd', 'business analysis']",Naukri.com
Data Science Professional,Discite Analytics & Ai,Bengaluru,,Unpaid,https://www.naukri.com/job-listings-data-science-professional-discite-analytics-bengaluru-2-to-4-years-030424502336,[],Naukri.com
Senior Data Science Consultant,Wells Fargo,Bengaluru,2-8 Yrs,Not disclosed,https://www.naukri.com/job-listings-senior-data-science-consultant-wells-fargo-india-solutions-pvt-ltd-bengaluru-2-to-8-years-100624501068,"['Computer science', 'Data analysis', 'Usage', 'Web analytics', 'Econometrics', 'Teradata', 'Operations', 'Monitoring']",Naukri.com
Senior Data Science Consultant,Wells Fargo,Bengaluru,2-8 Yrs,Not disclosed,https://www.naukri.com/job-listings-senior-data-science-consultant-wells-fargo-india-solutions-pvt-ltd-bengaluru-2-to-8-years-100624501067,"['Data analysis', 'customer analytics', 'Analytical', 'Econometrics', 'Forecasting', 'Operations', 'Analytics', 'Financial services']",Naukri.com
Analyst Data Science,Navit Software Solutions,"Kolkata, Mumbai, New Delhi, Hyderabad, Pune, Chennai, Bengaluru",3-7 Yrs,Not disclosed,https://www.naukri.com/job-listings-analyst-data-science-navit-software-solutions-kolkata-mumbai-new-delhi-hyderabad-pune-chennai-bengaluru-3-to-7-years-070323501281,"['Business objects', 'SAS', 'Process improvement', 'XML', 'Javascript', 'Data collection', 'Manager Quality Control', 'SPSS']",Naukri.com
Analytics Data science and IOT Engineer,Hexaware Technologies,"Kolkata, Mumbai, New Delhi, Hyderabad, Pune, Chennai, Bengaluru",3-7 Yrs,Not disclosed,https://www.naukri.com/job-listings-analytics-data-science-and-iot-engineer-hexaware-technologies-ltd-kolkata-mumbai-new-delhi-hyderabad-pune-chennai-bengaluru-3-to-7-years-230524501264,"['Automation', 'Data analysis', 'Data modeling', 'Delivery Analyst', 'Database', 'Data quality', 'Analytics', 'SQL']",Naukri.com
Data Science Engineer,Tata Consultancy Services (TCS),"Bangalore Rural, Hyderabad, Chennai",3-8 Yrs,Not disclosed,https://www.naukri.com/job-listings-data-science-engineer-tata-consultancy-services-tcs-hyderabad-bangalore-rural-chennai-3-to-8-years-030624006950,"['Data Science', 'Artificial Intelligence', 'Machine Learning', 'Python', 'SQL', 'Machine', 'Intelligence', 'Science']",Naukri.com
Analytics Data science and IOT Lead,Hexaware Technologies,"Kolkata, Mumbai, New Delhi, Hyderabad, Pune, Chennai, Bengaluru",2-8 Yrs,Not disclosed,https://www.naukri.com/job-listings-analytics-data-science-and-iot-lead-hexaware-technologies-ltd-kolkata-mumbai-new-delhi-hyderabad-pune-chennai-bengaluru-2-to-8-years-160524502594,"['Computer science', 'GIT', 'Version control', 'data science', 'Cloud', 'Natural language processing', 'data visualization', 'SDLC']",Naukri.com
MACHINE LEARNING / DATA SCIENCE TRAINER,Ethnotech Academy,Bengaluru,2-5 Yrs,Not disclosed,https://www.naukri.com/job-listings-machine-learning-data-science-trainer-ethnotech-academy-bengaluru-2-to-5-years-270922500482,"['Training', 'deep learning', 'tableau', 'data science', 'Coding', 'Analytical', 'Machine learning', 'Subject Matter Expert']",Naukri.com
AI/ML and Data Science Engineer,Intel,Bengaluru,2-4 Yrs,Not disclosed,https://www.naukri.com/job-listings-ai-ml-and-data-science-engineer-intel-technology-india-pvt-ltd-bengaluru-2-to-4-years-050624908969,"['Data Science', 'Airflow', 'database management', 'PyTorch', 'Embedding Search', 'Pandas', 'Jupyter', 'Document Scraping']",Naukri.com
Data Science Manager,Lam Research,Bengaluru,2-4 Yrs,Not disclosed,https://www.naukri.com/job-listings-data-science-manager-lam-research-bengaluru-2-to-4-years-200324501255,"['metadata', 'data science', 'Flex', 'Design development', 'Programming', 'Research', 'big data', 'Design']",Naukri.com
Python Developer (Data Science),Coreinsightsai,"Kolkata, Mumbai, New Delhi, Hyderabad, Pune, Chennai, Bengaluru",1-4 Yrs,Not disclosed,https://www.naukri.com/job-listings-python-developer-data-science-coreinsightsai-kolkata-mumbai-new-delhi-hyderabad-pune-chennai-bengaluru-1-to-4-years-140324501971,"['Solution architecture', 'data science', 'Debugging', 'Programming', 'Manager Technology', 'Room', 'Python', 'Testing']",Naukri.com
Data Science Engineer,Global Pharma Tek,Bengaluru,1-4 Yrs,Not disclosed,https://www.naukri.com/job-listings-data-science-engineer-global-pharma-tek-bengaluru-1-to-4-years-180424502052,"['hive', 'algorithms', 'python', 'natural language processing', 'neural networks', 'data pipeline', 'machine learning', 'data engineering']",Naukri.com
Machine Learning / Data Science Engineers,Svayo,Bengaluru,2-5 Yrs,Not disclosed,https://www.naukri.com/job-listings-machine-learning-data-science-engineers-svayo-bengaluru-2-to-5-years-280524501039,"['data science', 'Machine learning', 'Science', 'Machine', 'Data']",Naukri.com
AI and Data Science Engineer,Rtwo Healthcare,Bengaluru,3-8 Yrs,Not disclosed,https://www.naukri.com/job-listings-ai-and-data-science-engineer-rtwo-healthcare-solutions-llp-bengaluru-3-to-8-years-240623500271,"['Analytical', 'Artificial Intelligence', 'Machine learning', 'Data collection', 'Healthcare', 'Forecasting', 'Monitoring', 'SQL']",Naukri.com
Data Science,Nextcomm Corporation India,"Kolkata, Mumbai, New Delhi, Hyderabad, Pune, Chennai, Bengaluru",1-8 Yrs,Not disclosed,https://www.naukri.com/job-listings-data-science-nextcomm-corporation-india-kolkata-mumbai-new-delhi-hyderabad-pune-chennai-bengaluru-1-to-8-years-040624501335,"['python', 'data analysis', 'data analytics', 'natural language processing', 'neural networks', 'predictive analytics', 'machine learning', 'artificial intelligence']",Naukri.com
Excelher - Data Analyst,Volvo Financial Services,Bengaluru,3-5 Yrs,Not disclosed,https://www.naukri.com/job-listings-excelher-data-analyst-volvo-asset-finance-india-private-limited-bengaluru-3-to-5-years-250624503125,"['Analyst', 'Data analysis', 'Data management', 'power bi', 'data privacy', 'Data Analyst', 'Data analytics', 'big data']",Naukri.com
Senior Data Analyst - Cx,IDFC FIRST Bharat,"Kolkata, Mumbai, New Delhi, Hyderabad, Pune, Chennai, Bengaluru",3-7 Yrs,Not disclosed,https://www.naukri.com/job-listings-senior-data-analyst-cx-idfc-first-bank-kolkata-mumbai-new-delhi-hyderabad-pune-chennai-bengaluru-3-to-7-years-260624500492,"['Test strategy', 'Analytical', 'Manager Technology', 'Data structures', 'Deployment', 'Data analytics', 'Data Analyst', 'Management']",Naukri.com
Data Scientist,Wipro,Hybrid - Bengaluru,3-6 Yrs,Not disclosed,https://www.naukri.com/job-listings-data-scientist-wipro-limited-bengaluru-3-to-6-years-260624908497,"['Data Science', 'ELK', 'statistical modelling', 'Springboot', 'NodeJs', 'Powershell Scripting', 'SQL', 'Modeling']",Naukri.com
Data Scientist,Wipro,Hybrid - Bengaluru,3-6 Yrs,Not disclosed,https://www.naukri.com/job-listings-data-scientist-wipro-limited-bengaluru-3-to-6-years-260624908487,"['Data Science', 'ELK', 'statistical modelling', 'Springboot', 'NodeJs', 'Powershell Scripting', 'SQL', 'Statistics']",Naukri.com
Data Scientist,Sagility Health,Bengaluru,0-3 Yrs,Not disclosed,https://www.naukri.com/job-listings-data-scientist-sagility-health-bengaluru-0-to-3-years-250624009083,"['modeling', 'analytical', 'data', 'languages', 'mathematics', 'big data technologies', 'verbal communication', 'machine learning']",Naukri.com
Life science-Data Scientist,Recruise India Consulting,Hybrid - Bengaluru,3-8 Yrs,18-25 Lacs PA,https://www.naukri.com/job-listings-life-science-data-scientist-recruise-india-consulting-bengaluru-3-to-8-years-230224006072,"['Artificial intelligeance', 'Machine Learning', 'Ml', 'Ai', 'Machine', 'Artificial Intelligence']",Naukri.com
Data Analyst,Wilatons,"Hyderabad, Pune, Bengaluru",0-5 Yrs,Not disclosed,https://www.naukri.com/job-listings-data-analyst-wilatons-hyderabad-pune-bengaluru-0-to-5-years-210624908556,"['Data Science', 'Data Warehouse SQL', 'Data Analyst', 'python', 'data analysis', 'customer marketing', 'data cleaning', 'data mining']",Naukri.com
Data Analyst,Global Pharma Tek,Bengaluru,3-5 Yrs,Not disclosed,https://www.naukri.com/job-listings-data-analyst-global-pharma-tek-bengaluru-3-to-5-years-221123501459,"['data science', 'Focus', 'Consulting', 'IT infrastructure', 'Programming', 'Data Analyst', 'Data analytics', 'Weaving']",Naukri.com
Data Analyst - US MNC (analytics),US MNC (Analytics),Hybrid - Bengaluru,3-8 Yrs,15-30 Lacs PA,https://www.naukri.com/job-listings-data-analyst-us-mnc-analytics-aspyra-hr-services-bengaluru-3-to-8-years-250624011216,"['SQL', 'Business Intelligence', 'hql', 'Business Analytics', 'Data Extraction', 'Data Mining', 'SQL Queries', 'Data Cleansing']",Naukri.com
Data Analyst,Xpheno,Bengaluru,2-5 Yrs,Not disclosed,https://www.naukri.com/job-listings-data-analyst-xpheno-bengaluru-2-to-5-years-100123500225,"['Automation', 'data science', 'Life sciences', 'Data analytics', 'microsoft', 'Oracle', 'Operations', 'Bioinformatics']",Naukri.com
"SENIOR, DATA SCIENTIST",Walmart,Bengaluru,2-4 Yrs,Not disclosed,https://www.naukri.com/job-listings-senior-data-scientist-walmart-labs-bengaluru-2-to-4-years-130624501374,"['Networking', 'data science', 'Machine learning', 'SEZ', 'big data', 'Information technology', 'Statistics', 'Monitoring']",Naukri.com
S&C Global Network - AI - Life Sciences -Data Science Associate,Accenture,Bengaluru,2-6 Yrs,Not disclosed,https://www.naukri.com/job-listings-s-c-global-network-ai-life-sciences-data-science-associate-accenture-solutions-pvt-ltd-bengaluru-2-to-6-years-110624910878,"['microsoft azure', 'sql', 'qlikview', 'spark', 'aws', 'python', 'data management', 'spotfire']",Naukri.com
Python Data Science,Infosys,"Hybrid - Hyderabad, Chennai, Bengaluru",3-8 Yrs,Not disclosed,https://www.naukri.com/job-listings-python-data-science-infosys-hyderabad-chennai-bengaluru-3-to-8-years-060324008569,"['Data Science', 'Python', 'SQL', 'Data', 'Science', 'Python Data']",Naukri.com
Data Science Analytics,Electrobrain modern technologies pvt ltd (More Jobs),"Ahmedabad, Bengaluru / Bangalore, Chennai, Delhi, Gurgaon",3 - 8 yrs,"â‚¹
Rs 5.15 - 9.55 Lacs p.a.",https://www.timesjobs.com/job-detail/data-science-analytics-electrobrain-modern-technologies-pvt-ltd-ahmedabad-bengaluru-bangalore-chennai-delhi-gurgaon-3-to-8-yrs-jobid-y__SLASH__7oqN1zYNdzpSvf__PLUS__uAgZw==&source=srp,"Data Analysis , deploying models , github , python , continuous integration , hive , agile methodology , azure machine learning , pyspark",Timesjobs
Associate - Data Science,Analytics Vidhya,Bengaluru / Bangalore,2 - 5 yrs,,https://www.timesjobs.com/job-detail/associate-data-science-analytics-vidhya-bengaluru-bangalore-2-to-5-yrs-jobid-dRZQPWIZGpJzpSvf__PLUS__uAgZw==&source=srp,"visualization , data analytics , sas , spss , tableau , data science , data scientist , software development methodologies",Timesjobs
Head Data Science,SEVEN CONSULTANCY,Bengaluru / Bangalore,2 - 3 yrs,,https://www.timesjobs.com/job-detail/head-data-science-seven-consultancy-bengaluru-bangalore-2-to-3-yrs-jobid-xwgfYz0pIYdzpSvf__PLUS__uAgZw==&source=srp,"data analytics , big data analytics , consulting , data science",Timesjobs
Data Science Director,SEVEN CONSULTANCY,Bengaluru / Bangalore,0 - 3 yrs,,https://www.timesjobs.com/job-detail/data-science-director-seven-consultancy-bengaluru-bangalore-0-to-3-yrs-jobid-z__SLASH__5z__SLASH__mgkg7xzpSvf__PLUS__uAgZw==&source=srp,"data analytics , big data analytics , director , consulting , data science",Timesjobs
Associate - Data Science,Analytics Vidhya,Bengaluru / Bangalore,2 - 5 yrs,,https://www.timesjobs.com/job-detail/associate-data-science-analytics-vidhya-bengaluru-bangalore-2-to-5-yrs-jobid-IooNJO4nbU5zpSvf__PLUS__uAgZw==&source=srp,"visualization , data analytics , sas , spss , tableau , data science , data scientist , software development methodologies",Timesjobs
Analyst - Data Science,NUWARE SYSTEMS PVT LTD,Bengaluru / Bangalore,3 - 6 yrs,,https://www.timesjobs.com/job-detail/analyst-data-science-nuware-systems-pvt-ltd-bengaluru-bangalore-3-to-6-yrs-jobid-ZELm33tOr1RzpSvf__PLUS__uAgZw==&source=srp,"python , rdbms , data mining , machine learning , sql , senior software developer , software developer",Timesjobs
Analyst - Data Science,NUWARE SYSTEMS PVT LTD,Bengaluru / Bangalore,3 - 6 yrs,,https://www.timesjobs.com/job-detail/analyst-data-science-nuware-systems-pvt-ltd-bengaluru-bangalore-3-to-6-yrs-jobid-5EgPDddEK6VzpSvf__PLUS__uAgZw==&source=srp,"python , rdbms , data mining , machine learning , sql , senior software developer , software developer",Timesjobs
Analyst - Data Science,NUWARE SYSTEMS PVT LTD,Bengaluru / Bangalore,3 - 6 yrs,,https://www.timesjobs.com/job-detail/analyst-data-science-nuware-systems-pvt-ltd-bengaluru-bangalore-3-to-6-yrs-jobid-bJj4CCNX5vlzpSvf__PLUS__uAgZw==&source=srp,"python , rdbms , data mining , machine learning , sql , senior software developer , software developer",Timesjobs
Data Science Manager,SEVEN CONSULTANCY,Bengaluru / Bangalore,2 - 3 yrs,,https://www.timesjobs.com/job-detail/data-science-manager-seven-consultancy-bengaluru-bangalore-2-to-3-yrs-jobid-xrRDt5QFy6JzpSvf__PLUS__uAgZw==&source=srp,"fundamentals , python , machine learning , apache , infrastructure , oops",Timesjobs
"Business Intelligence Engineer , Ring Data Science and Engineering",AMAZON INDIA PVT LTD,Bengaluru / Bangalore,2 - 5 yrs,,https://www.timesjobs.com/job-detail/business-intelligence-engineer-ring-data-science-and-engineering-amazon-india-pvt-ltd-bengaluru-bangalore-2-to-5-yrs-jobid-rCoS__PLUS__F63hAhzpSvf__PLUS__uAgZw==&source=srp,"data analysis , statistical modeling , dashboard creation , problem solving , communication skills , visualization , business requirements , bi , dashboards , database , , business analysis , infrastructure",Timesjobs
USCA - C10 - Data Science at Citi,Citibank India,"Chennai, Mumbai, Bengaluru / Bangalore, Pune",2 - 4 yrs,,https://www.timesjobs.com/job-detail/usca-c10-data-science-at-citi-citibank-india-chennai-mumbai-bengaluru-bangalore-pune-2-to-4-yrs-jobid-tYCOtrHoc65zpSvf__PLUS__uAgZw==&source=srp,"data analytics , machine learning , deep learning , statistical modeling , communication skills , business requirements , information technology , use cases , domain expert , predictive modeling , sql , , visualization , analysis , information management , analyst , statistical analysis",Timesjobs
"Data Scientist , AWS Support Strategy Analytics and Data Science , Support Engineering",AMAZON INDIA PVT LTD,Bengaluru / Bangalore,3 - 9 yrs,,https://www.timesjobs.com/job-detail/data-scientist-aws-support-strategy-analytics-and-data-science-support-engineering-amazon-india-pvt-ltd-bengaluru-bangalore-3-to-9-yrs-jobid-vHMvOCFnJY5zpSvf__PLUS__uAgZw==&source=srp,"analytics , predictive modeling , optimization algorithms , data science , machine learning , storage , artificial intelligence , security , cloud computing , python",Timesjobs
"R & D Associate Engineer - Data Science in Bangalore , Karnataka , India | ABB",ABB,Bengaluru / Bangalore,2 - 5 yrs,,https://www.timesjobs.com/job-detail/r-d-associate-engineer-data-science-in-bangalore-karnataka-india-abb-abb-bengaluru-bangalore-2-to-5-yrs-jobid-7wqABg0sLExzpSvf__PLUS__uAgZw==&source=srp,"data science , machine learning , data analysis , python / r programming , statistical analysis , associate engineer , supervision , abb , documentation , ideas , process automation",Timesjobs
Data Engineer,Ajay Vijay Chatur (More Jobs),"Bengaluru / Bangalore, Calicut/ Kozhikode, Cochin/ Kochi/ Ernakulam, Kannur, Kollam",3 - 8 yrs,"â‚¹
Rs 10.00 - 21.40 Lacs p.a.",https://www.timesjobs.com/job-detail/data-engineer-ajay-vijay-chatur-bengaluru-bangalore-calicut-kozhikode-cochin-kochi-ernakulam-kannur-kollam-3-to-8-yrs-jobid-UKcoOd6y3VBzpSvf__PLUS__uAgZw==&source=srp,"Data Engineer , Process oriented with great documentation skills , Excellent problem solving and troubleshooting skills",Timesjobs
Hiring For Data Entry,Ground Staff PVT (More Jobs),"Belgaum, Bellary, Bengaluru / Bangalore, Bidar, Davanagere",0 - 3 yrs,"â‚¹
Rs 2.50 - 6.50 Lacs p.a.",https://www.timesjobs.com/job-detail/hiring-for-data-entry-ground-staff-pvt-belgaum-bellary-bengaluru-bangalore-bidar-davanagere-0-to-3-yrs-jobid-oZLvoFUxOhBzpSvf__PLUS__uAgZw==&source=srp,"Data Entry , office assistant , Supervisor , Loader , Incharge , Security Guard , Electrician , Staff , Computer Operator , Store Keeper , Tally , Microsoft Excel , Fresher , Driver , c ++",Timesjobs
Clinical Data Specialist,Bytebrains (More Jobs),"Bengaluru / Bangalore, Chennai, Hyderabad/Secunderabad, Pune, Cochin/ Kochi/ Ernakulam",0 - 3 yrs,"â‚¹
Rs 4.50 - 5.40 Lacs p.a.",https://www.timesjobs.com/job-detail/clinical-data-specialist-top-leading-research-company-bengaluru-bangalore-chennai-hyderabad-secunderabad-pune-cochin-kochi-ernakulam-0-to-3-yrs-jobid-FOubkauZTl1zpSvf__PLUS__uAgZw==&source=srp,"Drug Discovery , Data Management , Clinical , UAT , Edit Check , Sae Reconciliation , Clinical Management , Regulatory Affairs , Drug Regulatory , Pharmacy",Timesjobs
Pharmacovigilance / CDM / Clinical research intern Training,Bytebrains (More Jobs),"Bengaluru / Bangalore, Chennai, Hyderabad/Secunderabad, Pune, Cochin/ Kochi/ Ernakulam",0 - 3 yrs,"â‚¹
Rs 4.50 - 5.40 Lacs p.a.",https://www.timesjobs.com/job-detail/pharmacovigilance-cdm-clinical-research-intern-training-top-leading-research-company-bengaluru-bangalore-chennai-hyderabad-secunderabad-pune-cochin-kochi-ernakulam-0-to-3-yrs-jobid-dk6pP23HdktzpSvf__PLUS__uAgZw==&source=srp,"Data Management , Clinical , UAT , Clinical Data Management , Regulatory Affairs , Drug Regulatory , Pharmacy , Life , Pharmacovigilance , CDM , Pv",Timesjobs
"Software Engineer III , Search Science Data Infrastructure",AMAZON INDIA PVT LTD,Bengaluru / Bangalore,3 - 8 yrs,,https://www.timesjobs.com/job-detail/software-engineer-iii-search-science-data-infrastructure-amazon-india-pvt-ltd-bengaluru-bangalore-3-to-8-yrs-jobid-MbNtYlR5iZFzpSvf__PLUS__uAgZw==&source=srp,"software development , big data , machine learning , system architecture , operations excellence , production , product development , operational excellence",Timesjobs
"datawarehousing , database developer",New Global Technologies (More Jobs),"Bengaluru / Bangalore, Chennai, Hyderabad/Secunderabad, Mumbai, Noida/Greater Noida",0 - 3 yrs,"â‚¹
Rs 4.00 - 12.00 Lacs p.a.",https://www.timesjobs.com/job-detail/datawarehousing-database-developer-new-global-technologies-bengaluru-bangalore-chennai-hyderabad-secunderabad-mumbai-noida-greater-noida-0-to-3-yrs-jobid-rZhKUvI3wRlzpSvf__PLUS__uAgZw==&source=srp,"Data Warehousing , Etl , Informatica , Business Objects , Cognos , Data Stage , Teradata , Abinitio , Etl Tools , Modeling , Business Intelligence , Datawarehousing",Timesjobs
Electrical Domain,GENIQUE MANAGEMENT SERVICES PRIVATE LIMITED (More Jobs),"Bengaluru / Bangalore, Mumbai, Australia, Canada",2 - 7 yrs,"â‚¹
Rs 9.00 - 60.00 Lacs p.a.",https://www.timesjobs.com/job-detail/electrical-domain-gms-india-bengaluru-bangalore-mumbai-australia-canada-2-to-7-yrs-jobid-pbTKNyGuRbVzpSvf__PLUS__uAgZw==&source=srp,"Electrical Mechanical Maintenance , electronics , Telecommunications , Data Communication , Electrical Maintenance , power , Electrical , Auto Cad , Electrical Power System",Timesjobs
Forex marketer,Fintech_HR (More Jobs),"Bengaluru / Bangalore, Delhi/NCR, Lucknow, Other City(s) in Uttar Pradesh",3 - 8 yrs,,https://www.timesjobs.com/job-detail/forex-marketer-fintech-hr-bengaluru-bangalore-delhi-ncr-lucknow-other-city-s-in-uttar-pradesh-3-to-8-yrs-jobid-gDbJzNgp139zpSvf__PLUS__uAgZw==&source=srp,Finacial Sales,Timesjobs
IWE Welding engineer,Manish Recruiters (More Jobs),"Ahmedabad, Bengaluru / Bangalore, Chennai, Mumbai, Daman & Diu",2 - 7 yrs,,https://www.timesjobs.com/job-detail/iwe-welding-engineer-manish-recruiters-ahmedabad-bengaluru-bangalore-chennai-mumbai-daman-diu-2-to-7-yrs-jobid-m6qzlZY__PLUS__vTtzpSvf__PLUS__uAgZw==&source=srp,"Welding Techniques , Fabrication",Timesjobs
Associate Product Manager,Prashant Pandey (More Jobs),"Bengaluru / Bangalore, Delhi/NCR, Kolkata, Mumbai, Pune",1 - 6 yrs,,https://www.timesjobs.com/job-detail/associate-product-manager-prashant-pandey-bengaluru-bangalore-delhi-ncr-kolkata-mumbai-pune-1-to-6-yrs-jobid-0EEY2urkRUJzpSvf__PLUS__uAgZw==&source=srp,"Product Information , Product Marketing , Product Management , Market Research , Brand Management , Brand Marketing , Business Development",Timesjobs
"Sr Data Scientist , AWS Support Strategy Analytics and Data Science , Support Engineering",AMAZON INDIA PVT LTD,Bengaluru / Bangalore,3 - 7 yrs,,https://www.timesjobs.com/job-detail/sr-data-scientist-aws-support-strategy-analytics-and-data-science-support-engineering-amazon-india-pvt-ltd-bengaluru-bangalore-3-to-7-yrs-jobid-2OaZNyCzBAhzpSvf__PLUS__uAgZw==&source=srp,"analytics capabilities , predictive modeling , optimization algorithms , data science , machine learning , storage , artificial intelligence , security , cloud computing , python",Timesjobs
Pharmacology / Patent Analyst / Regulatory Affairs,Bytebrains (More Jobs),"Bengaluru / Bangalore, Chennai, Hyderabad/Secunderabad, Pune, Cochin/ Kochi/ Ernakulam",0 - 3 yrs,"â‚¹
Rs 4.50 - 7.50 Lacs p.a.",https://www.timesjobs.com/job-detail/pharmacology-patent-analyst-regulatory-affairs-top-leading-research-company-bengaluru-bangalore-chennai-hyderabad-secunderabad-pune-cochin-kochi-ernakulam-0-to-3-yrs-jobid-ojZg81cAhlZzpSvf__PLUS__uAgZw==&source=srp,"Patents , rnd , Pharmaceutical , Drug , FTO , IP , IPR , USPTO , Patenr Search , Pharmacology , Drug Discovery , Bioinformatics , Dna , Clinical , FDA , Audits",Timesjobs
Clinical Research Coordinator,Bytebrains (More Jobs),"Bengaluru / Bangalore, Chennai, Hyderabad/Secunderabad, Pune, Cochin/ Kochi/ Ernakulam",0 - 3 yrs,"â‚¹
Rs 4.50 - 6.50 Lacs p.a.",https://www.timesjobs.com/job-detail/clinical-research-coordinator-top-leading-research-company-bengaluru-bangalore-chennai-hyderabad-secunderabad-pune-cochin-kochi-ernakulam-0-to-3-yrs-jobid-RuPzpKRr__SLASH__4VzpSvf__PLUS__uAgZw==&source=srp,"Pharmacology , Pharmacy , Regulatory Affairs , Clinical Research , Gcp , Ich , Case Report , Clinical Study , Fda , Gmp , Analytical Skill , Clinical , CDM , Clinical Manager",Timesjobs
Research Associate Agriculture Plant Biochemistry & Molecular,Bytebrains (More Jobs),"Bengaluru / Bangalore, Chennai, Hyderabad/Secunderabad, Pune, Cochin/ Kochi/ Ernakulam",0 - 3 yrs,"â‚¹
Rs 4.50 - 5.40 Lacs p.a.",https://www.timesjobs.com/job-detail/research-associate-agriculture-plant-biochemistry-molecular-itc-life-sciences-technology-centre-bengaluru-bangalore-chennai-hyderabad-secunderabad-pune-cochin-kochi-ernakulam-0-to-3-yrs-jobid-HAA__SLASH__LkTi6UtzpSvf__PLUS__uAgZw==&source=srp,"Plant Biochemistry , Molecular Biology , Agriculture , Organic Farming , Horticulture , Landscaping",Timesjobs
Pharmacovigilance Associate,Bytebrains (More Jobs),"Bengaluru / Bangalore, Chennai, Hyderabad/Secunderabad, Pune, Cochin/ Kochi/ Ernakulam",0 - 3 yrs,"â‚¹
Rs 4.50 - 6.50 Lacs p.a.",https://www.timesjobs.com/job-detail/pharmacovigilance-associate-top-leading-research-company-bengaluru-bangalore-chennai-hyderabad-secunderabad-pune-cochin-kochi-ernakulam-0-to-3-yrs-jobid-ZOqopBPOHoNzpSvf__PLUS__uAgZw==&source=srp,"Pharmacology , Pharmacy , Regulatory Affairs , Clinical Research , Gcp , Ich , Case Report , Clinical Study , Fda , Gmp , Good Communication Skills , Analytical Skill , Clinical",Timesjobs
Assistant Clinical Research,Bytebrains (More Jobs),"Bengaluru / Bangalore, Chennai, Hyderabad/Secunderabad, Pune, Cochin/ Kochi/ Ernakulam",0 - 3 yrs,"â‚¹
Rs 4.50 - 6.50 Lacs p.a.",https://www.timesjobs.com/job-detail/assistant-clinical-research-top-leading-research-company-bengaluru-bangalore-chennai-hyderabad-secunderabad-pune-cochin-kochi-ernakulam-0-to-3-yrs-jobid-CdB9l9fuXetzpSvf__PLUS__uAgZw==&source=srp,"SAS , iso , ich , Gcp , spss , regulatory compliance , pharmacovigilance , research , clinical research , Regulatory Affairs , Clinical Trial , Case Report , Clinical Study , Fda , Gmp , Glp",Timesjobs
Data Scientist,Analytics Vidhya,Bengaluru / Bangalore,2 - 5 yrs,,https://www.timesjobs.com/job-detail/data-scientist-analytics-vidhya-bengaluru-bangalore-2-to-5-yrs-jobid-dxftvKgZL85zpSvf__PLUS__uAgZw==&source=srp,"sas , data science , use cases , predictive modeling , data scientist",Timesjobs
Data Scientist,Analytics Vidhya,Bengaluru / Bangalore,2 - 5 yrs,,https://www.timesjobs.com/job-detail/data-scientist-analytics-vidhya-bengaluru-bangalore-2-to-5-yrs-jobid-JUvO95eTqRpzpSvf__PLUS__uAgZw==&source=srp,"sas , data science , use cases , predictive modeling , data scientist",Timesjobs
"Administartion , Administrative Assist",Electrobrain modern technologies pvt ltd (More Jobs),"Ahmedabad, Bengaluru / Bangalore, Chennai, Delhi, Gurgaon",2 - 6 yrs,"â‚¹
Rs 6.35 - 12.00 Lacs p.a.",https://www.timesjobs.com/job-detail/administartion-administrative-assist-electrobrain-modern-technologies-pvt-ltd-ahmedabad-bengaluru-bangalore-chennai-delhi-gurgaon-2-to-6-yrs-jobid-j7ZgWSePldpzpSvf__PLUS__uAgZw==&source=srp,"Neural networks , data science , Web technologies , microservices , Data Base Administration , python , ANN",Timesjobs
Data Scientist,Analytics Vidhya,Bengaluru / Bangalore,2 - 5 yrs,,https://www.timesjobs.com/job-detail/data-scientist-analytics-vidhya-bengaluru-bangalore-2-to-5-yrs-jobid-hCT8pqlF5R9zpSvf__PLUS__uAgZw==&source=srp,"linear regression , data science , data scientist , statistical modeling , logistic regression , arima , advanced analytics , artificial neural networks",Timesjobs
Machine Learning Engineer,Cotocus,Bengaluru / Bangalore,0 - 3 yrs,,https://www.timesjobs.com/job-detail/machine-learning-engineer-cotocus-bengaluru-bangalore-0-to-3-yrs-jobid-UuakCaarcmNzpSvf__PLUS__uAgZw==&source=srp,"machine learning , docker , data science",Timesjobs
Machine Learning Engineer,Cotocus,Bengaluru / Bangalore,0 - 3 yrs,,https://www.timesjobs.com/job-detail/machine-learning-engineer-cotocus-bengaluru-bangalore-0-to-3-yrs-jobid-8E6T1kz__SLASH__MVJzpSvf__PLUS__uAgZw==&source=srp,"machine learning , docker , data science",Timesjobs
Machine Learning Engineer,Cotocus,Bengaluru / Bangalore,0 - 3 yrs,,https://www.timesjobs.com/job-detail/machine-learning-engineer-cotocus-bengaluru-bangalore-0-to-3-yrs-jobid-TE__PLUS__wfBo1Nu1zpSvf__PLUS__uAgZw==&source=srp,"machine learning , docker , data science",Timesjobs
Data Analyst,SEVEN CONSULTANCY,Bengaluru / Bangalore,3 - 6 yrs,,https://www.timesjobs.com/job-detail/data-analyst-seven-consultancy-bengaluru-bangalore-3-to-6-yrs-jobid-wl4mfyoE4lFzpSvf__PLUS__uAgZw==&source=srp,"data analysis , data analytics , data mining , business analysis , business analyst , data analyst , , advanced excel",Timesjobs
Data Analyst,SEVEN CONSULTANCY,Bengaluru / Bangalore,3 - 6 yrs,,https://www.timesjobs.com/job-detail/data-analyst-seven-consultancy-bengaluru-bangalore-3-to-6-yrs-jobid-9Z6QtDATYgRzpSvf__PLUS__uAgZw==&source=srp,"data analysis , data analytics , data mining , business analysis , business analyst , data analyst , , advanced excel",Timesjobs
Data Analyst,SEVEN CONSULTANCY,Bengaluru / Bangalore,2 - 3 yrs,,https://www.timesjobs.com/job-detail/data-analyst-seven-consultancy-bengaluru-bangalore-2-to-3-yrs-jobid-hdOEQbV70__PLUS__ZzpSvf__PLUS__uAgZw==&source=srp,"data analytics , big data analytics , data mining , data reports , data analyst , database , data , scientist , analyst",Timesjobs
Data and Analytics Solution Expert,NeenOpal Intelligent Solutions Private Limited,Bengaluru / Bangalore,2 - 5 yrs,,https://www.timesjobs.com/job-detail/data-and-analytics-solution-expert-neenopal-intelligent-solutions-private-limited-bengaluru-bangalore-2-to-5-yrs-jobid-WqUo5x5UhRhzpSvf__PLUS__uAgZw==&source=srp,"spss , data warehousing , sql , data science , data visualization , advanced analytics , solution architect , sas , tableau , project delivery",Timesjobs
Data and Analytics Solution Expert,NeenOpal Intelligent Solutions Private Limited,Bengaluru / Bangalore,2 - 5 yrs,,https://www.timesjobs.com/job-detail/data-and-analytics-solution-expert-neenopal-intelligent-solutions-private-limited-bengaluru-bangalore-2-to-5-yrs-jobid-9qym3DeGE55zpSvf__PLUS__uAgZw==&source=srp,"spss , data warehousing , sql , data science , data visualization , advanced analytics , solution architect , sas , tableau , project delivery",Timesjobs
Data and Analytics Solution Expert,NeenOpal Intelligent Solutions Private Limited,Bengaluru / Bangalore,2 - 5 yrs,,https://www.timesjobs.com/job-detail/data-and-analytics-solution-expert-neenopal-intelligent-solutions-private-limited-bengaluru-bangalore-2-to-5-yrs-jobid-XeOQX5SpYN5zpSvf__PLUS__uAgZw==&source=srp,"spss , data warehousing , sql , data science , data visualization , advanced analytics , solution architect , sas , tableau , project delivery",Timesjobs
Data Scientist,Decon Jobs,Bengaluru / Bangalore,1 - 9 yrs,,https://www.timesjobs.com/job-detail/data-scientist-decon-jobs-bengaluru-bangalore-1-to-9-yrs-jobid-__SLASH__bkVHOAc2qhzpSvf__PLUS__uAgZw==&source=srp,"data science , machine learning , python / r programming , statistical analysis , model deployment , algorithms , sql , database , extraction , hadoop , big",Timesjobs
Senior Data Scientist / Data Scientist 2,boomerang commerce,Bengaluru / Bangalore,3 - 6 yrs,,https://www.timesjobs.com/job-detail/senior-data-scientist-data-scientist-2-boomerang-commerce-bengaluru-bangalore-3-to-6-yrs-jobid-Zx__PLUS__CoI4W__SLASH__dVzpSvf__PLUS__uAgZw==&source=srp,"data science , machine learning , statistical analysis , data visualization , python , data analysis , dashboards , tableau , scientist",Timesjobs
Assistant Professor ( Computer Science ),East West Institute of Technology (More Jobs),Bengaluru / Bangalore,3 - 8 yrs,,https://www.timesjobs.com/job-detail/assistant-professor-computer-science-east-west-institute-of-technology-bengaluru-bangalore-3-to-8-yrs-jobid-ciAnHPbo__SLASH__QJzpSvf__PLUS__uAgZw==&source=srp,"Education , Engineering",Timesjobs
Decision Science Analyst,Jumbotail Technologies,Bengaluru / Bangalore,1 - 5 yrs,,https://www.timesjobs.com/job-detail/decision-science-analyst-jumbotail-technologies-bengaluru-bangalore-1-to-5-yrs-jobid-cdWzDOh4TEdzpSvf__PLUS__uAgZw==&source=srp,"data mining , sql , data visualization , data analysis , pricing models , tableau , analyst",Timesjobs
Decision Science Analyst,jumbotail,Bengaluru / Bangalore,1 - 5 yrs,,https://www.timesjobs.com/job-detail/decision-science-analyst-jumbotail-bengaluru-bangalore-1-to-5-yrs-jobid-mspravHq0IJzpSvf__PLUS__uAgZw==&source=srp,"data mining , sql , team player",Timesjobs
Decision Science Analyst,Jumbotail Technologies,Bengaluru / Bangalore,1 - 5 yrs,,https://www.timesjobs.com/job-detail/decision-science-analyst-jumbotail-technologies-bengaluru-bangalore-1-to-5-yrs-jobid-KBDRk__SLASH__nMEM9zpSvf__PLUS__uAgZw==&source=srp,"data mining , sql , data visualization , data analysis , pricing models , tableau , analyst",Timesjobs
Decision Science Analyst,Jumbotail Technologies,Bengaluru / Bangalore,1 - 5 yrs,,https://www.timesjobs.com/job-detail/decision-science-analyst-jumbotail-technologies-bengaluru-bangalore-1-to-5-yrs-jobid-jni6d9oKJxFzpSvf__PLUS__uAgZw==&source=srp,"data mining , sql , data visualization , data analysis , pricing models , tableau , analyst",Timesjobs
Data Analyst,Analytics Vidhya,Bengaluru / Bangalore,3 - 5 yrs,,https://www.timesjobs.com/job-detail/data-analyst-analytics-vidhya-bengaluru-bangalore-3-to-5-yrs-jobid-EDJ8k3x41QxzpSvf__PLUS__uAgZw==&source=srp,"visualization , regression analysis , dashboards , sql , java , data science , data structures , analytics , customer success , sas , business analytics , analyst , tableau , unix / linux",Timesjobs
